name,price,link
Opus 88 Harmony Fountain Pen - Mocha Mousse - Fine,$167.00,https://www.jetpens.com/Opus-88-Harmony-Fountain-Pen-Mocha-Mousse-Fine/pd/47303
Opus 88 Harmony Fountain Pen - Mocha Mousse - Medium,$167.00,https://www.jetpens.com/Opus-88-Harmony-Fountain-Pen-Mocha-Mousse-Medium/pd/47304
Opus 88 Koloro Fountain Pen - Beige Teal - Fine,$95.00,https://www.jetpens.com/Opus-88-Koloro-Fountain-Pen-Beige-Teal-Fine/pd/25694
Opus 88 Demo Fountain Pen - Clear Demonstrator - Extra Fine,$120.50,https://www.jetpens.com/Opus-88-Demo-Fountain-Pen-Clear-Demonstrator-Extra-Fine/pd/31368
Opus 88 Harmony Fountain Pen - Brown - Medium,$167.00,https://www.jetpens.com/Opus-88-Harmony-Fountain-Pen-Brown-Medium/pd/44565
Opus 88 Omar Fountain Pen - Tiger Eye - 1.5 mm Stub,$123.50,https://www.jetpens.com/Opus-88-Omar-Fountain-Pen-Tiger-Eye-1.5-mm-Stub/pd/26894
Opus 88 Omar Fountain Pen - Tiger Eye - Fine,$123.50,https://www.jetpens.com/Opus-88-Omar-Fountain-Pen-Tiger-Eye-Fine/pd/26891
Opus 88 Jazz Fountain Pen - Clear Demonstrator - Medium,$120.50,https://www.jetpens.com/Opus-88-Jazz-Fountain-Pen-Clear-Demonstrator-Medium/pd/31371
Opus 88 Demo Fountain Pen - Sapphire - Extra Fine,$140.00,https://www.jetpens.com/Opus-88-Demo-Fountain-Pen-Sapphire-Extra-Fine/pd/40093
Opus 88 Omar Fountain Pen - Clear Demonstrator - 1.5 mm Stub,$123.50,https://www.jetpens.com/Opus-88-Omar-Fountain-Pen-Clear-Demonstrator-1.5-mm-Stub/pd/31388
Opus 88 Demo Fountain Pen - Clear Demonstrator - Medium,$120.50,https://www.jetpens.com/Opus-88-Demo-Fountain-Pen-Clear-Demonstrator-Medium/pd/25691
Opus 88 Koloro Fountain Pen - Yellow Orange - Fine,$95.00,https://www.jetpens.com/Opus-88-Koloro-Fountain-Pen-Yellow-Orange-Fine/pd/25700
Opus 88 Harmony Fountain Pen - Brown - Fine,$167.00,https://www.jetpens.com/Opus-88-Harmony-Fountain-Pen-Brown-Fine/pd/44564
Opus 88 Demo Fountain Pen - Color - Flex Fine,$135.00,https://www.jetpens.com/Opus-88-Demo-Fountain-Pen-Color-Flex-Fine/pd/34586
Opus 88 Omar Fountain Pen - Clear Demonstrator - Extra Fine,$123.50,https://www.jetpens.com/Opus-88-Omar-Fountain-Pen-Clear-Demonstrator-Extra-Fine/pd/31384
Opus 88 Omar Fountain Pen - Clear Demonstrator - Fine,$123.50,https://www.jetpens.com/Opus-88-Omar-Fountain-Pen-Clear-Demonstrator-Fine/pd/31385
Opus 88 Omar Fountain Pen - Clear Demonstrator - Medium,$123.50,https://www.jetpens.com/Opus-88-Omar-Fountain-Pen-Clear-Demonstrator-Medium/pd/31386
Opus 88 Omar Fountain Pen - Tiger Eye - Broad,$123.50,https://www.jetpens.com/Opus-88-Omar-Fountain-Pen-Tiger-Eye-Broad/pd/26893
Opus 88 Omar Fountain Pen - Tiger Eye - Medium,$123.50,https://www.jetpens.com/Opus-88-Omar-Fountain-Pen-Tiger-Eye-Medium/pd/26892
Opus 88 Omar Fountain Pen - Pumpkin - Extra Fine,$122.50,https://www.jetpens.com/Opus-88-Omar-Fountain-Pen-Pumpkin-Extra-Fine/pd/40590
Opus 88 Demo Fountain Pen - Clear Demonstrator - Broad,$120.50,https://www.jetpens.com/Opus-88-Demo-Fountain-Pen-Clear-Demonstrator-Broad/pd/25692
Opus 88 Mother Of Pearl Fountain Pen - Black Shell - 1.5 mm Stub,$196.50,https://www.jetpens.com/Opus-88-Mother-Of-Pearl-Fountain-Pen-Black-Shell-1.5-mm-Stub/pd/38764
Opus 88 Mother Of Pearl Fountain Pen - Checkered Shell - Medium,$196.50,https://www.jetpens.com/Opus-88-Mother-Of-Pearl-Fountain-Pen-Checkered-Shell-Medium/pd/38757
Opus 88 Mother Of Pearl Fountain Pen - Stripe Shell - Fine,$196.50,https://www.jetpens.com/Opus-88-Mother-Of-Pearl-Fountain-Pen-Stripe-Shell-Fine/pd/38766
Opus 88 Harmony Fountain Pen - Mocha Mousse - Broad,$167.00,https://www.jetpens.com/Opus-88-Harmony-Fountain-Pen-Mocha-Mousse-Broad/pd/47305
Opus 88 Harmony Fountain Pen - Mocha Mousse - Broad,$167.00,https://www.jetpens.com/Opus-88-Harmony-Fountain-Pen-Mocha-Mousse-Broad/pd/47305
Opus 88 Koloro Fountain Pen - Blue Aqua - Medium,$95.00,https://www.jetpens.com/Opus-88-Koloro-Fountain-Pen-Blue-Aqua-Medium/pd/25698
Opus 88 Koloro Fountain Pen - Rust Red - Fine,$95.00,https://www.jetpens.com/Opus-88-Koloro-Fountain-Pen-Rust-Red-Fine/pd/25703
Opus 88 Demo Fountain Pen - Blue Whale - Fine,$148.00,https://www.jetpens.com/Opus-88-Demo-Fountain-Pen-Blue-Whale-Fine/pd/43556
Opus 88 Demo Fountain Pen - Blue Whale - Medium,$148.00,https://www.jetpens.com/Opus-88-Demo-Fountain-Pen-Blue-Whale-Medium/pd/43557
Opus 88 Demo Fountain Pen - Mocha Mousse with PVD Trim - 1.5 mm Stub,$140.00,https://www.jetpens.com/Opus-88-Demo-Fountain-Pen-Mocha-Mousse-with-PVD-Trim-1.5-mm-Stub/pd/47310
Opus 88 Demo Fountain Pen - Mocha Mousse with PVD Trim - Extra Fine,$140.00,https://www.jetpens.com/Opus-88-Demo-Fountain-Pen-Mocha-Mousse-with-PVD-Trim-Extra-Fine/pd/47306
Opus 88 Omar Fountain Pen - Clear Demonstrator - Flex Fine,$133.00,https://www.jetpens.com/Opus-88-Omar-Fountain-Pen-Clear-Demonstrator-Flex-Fine/pd/34585
Opus 88 Demo Fountain Pen - Clear Demonstrator - Flex Fine,$130.00,https://www.jetpens.com/Opus-88-Demo-Fountain-Pen-Clear-Demonstrator-Flex-Fine/pd/34582
Opus 88 Jazz Fountain Pen - Clear Demonstrator - Flex Fine,$130.00,https://www.jetpens.com/Opus-88-Jazz-Fountain-Pen-Clear-Demonstrator-Flex-Fine/pd/34587
Opus 88 Demo Fountain Pen - Color - Extra Fine,$125.50,https://www.jetpens.com/Opus-88-Demo-Fountain-Pen-Color-Extra-Fine/pd/31379
Opus 88 Demo Fountain Pen - Color - Medium,$125.50,https://www.jetpens.com/Opus-88-Demo-Fountain-Pen-Color-Medium/pd/31381
Opus 88 Omar Fountain Pen - Clear Demonstrator - Broad,$123.50,https://www.jetpens.com/Opus-88-Omar-Fountain-Pen-Clear-Demonstrator-Broad/pd/31387
Opus 88 Omar Fountain Pen - Milk Tea - Medium,$122.50,https://www.jetpens.com/Opus-88-Omar-Fountain-Pen-Milk-Tea-Medium/pd/40597
Opus 88 Omar Fountain Pen - Pumpkin - Fine,$122.50,https://www.jetpens.com/Opus-88-Omar-Fountain-Pen-Pumpkin-Fine/pd/40591
Opus 88 Omar Fountain Pen - Pumpkin - Medium,$122.50,https://www.jetpens.com/Opus-88-Omar-Fountain-Pen-Pumpkin-Medium/pd/40592
Opus 88 Demo Fountain Pen - Clear Demonstrator - Fine,$120.50,https://www.jetpens.com/Opus-88-Demo-Fountain-Pen-Clear-Demonstrator-Fine/pd/25690
Opus 88 Jazz Fountain Pen - Clear Demonstrator - 1.5 mm Stub,$120.50,https://www.jetpens.com/Opus-88-Jazz-Fountain-Pen-Clear-Demonstrator-1.5-mm-Stub/pd/31373
Opus 88 Jazz Fountain Pen - Clear Demonstrator - Extra Fine,$120.50,https://www.jetpens.com/Opus-88-Jazz-Fountain-Pen-Clear-Demonstrator-Extra-Fine/pd/31369
Opus 88 Jazz Fountain Pen - Clear Demonstrator - Fine,$120.50,https://www.jetpens.com/Opus-88-Jazz-Fountain-Pen-Clear-Demonstrator-Fine/pd/31370
Opus 88 Koloro Fountain Pen - Beige Teal - Broad,$95.00,https://www.jetpens.com/Opus-88-Koloro-Fountain-Pen-Beige-Teal-Broad/pd/25696
Opus 88 Koloro Fountain Pen - Beige Teal - Medium,$95.00,https://www.jetpens.com/Opus-88-Koloro-Fountain-Pen-Beige-Teal-Medium/pd/25695
Opus 88 Koloro Fountain Pen - Yellow Orange - Broad,$95.00,https://www.jetpens.com/Opus-88-Koloro-Fountain-Pen-Yellow-Orange-Broad/pd/25702
Opus 88 Fountain Pen Nib - JOWO #6 - Flex Fine,$21.00,https://www.jetpens.com/Opus-88-Fountain-Pen-Nib-JOWO-6-Flex-Fine/pd/41006
Opus 88 Fountain Pen Nib - JOWO #6 - Extra Fine,$18.00,https://www.jetpens.com/Opus-88-Fountain-Pen-Nib-JOWO-6-Extra-Fine/pd/31470
Opus 88 Fountain Pen Nib - JOWO #6 - Fine,$18.00,https://www.jetpens.com/Opus-88-Fountain-Pen-Nib-JOWO-6-Fine/pd/31471
Opus 88 Fountain Pen Nib - PVD Black JOWO #6 - Flex Extra Fine,$30.50,https://www.jetpens.com/Opus-88-Fountain-Pen-Nib-PVD-Black-JOWO-6-Flex-Extra-Fine/pd/41003
Opus 88 Fountain Pen Nib - JOWO #6 - 1.5 mm Stub,$18.00,https://www.jetpens.com/Opus-88-Fountain-Pen-Nib-JOWO-6-1.5-mm-Stub/pd/31474
Opus 88 Fountain Pen Nib - JOWO #6 - Medium,$18.00,https://www.jetpens.com/Opus-88-Fountain-Pen-Nib-JOWO-6-Medium/pd/31472
Opus 88 Fountain Pen Nib - JOWO #5 - 1.4 mm Stub,$15.00,https://www.jetpens.com/Opus-88-Fountain-Pen-Nib-JOWO-5-1.4-mm-Stub/pd/31469
Opus 88 Fountain Pen Nib - PVD Black JOWO #6 - Flex Fine,$30.50,https://www.jetpens.com/Opus-88-Fountain-Pen-Nib-PVD-Black-JOWO-6-Flex-Fine/pd/41004
Opus 88 Fountain Pen Nib - JOWO #6 - Broad,$18.00,https://www.jetpens.com/Opus-88-Fountain-Pen-Nib-JOWO-6-Broad/pd/31473
Opus 88 Fountain Pen Nib - JOWO #6 - Flex Extra Fine,$21.00,https://www.jetpens.com/Opus-88-Fountain-Pen-Nib-JOWO-6-Flex-Extra-Fine/pd/41005
Opus 88 Fountain Pen Nib - JOWO #5 - Broad,$15.00,https://www.jetpens.com/Opus-88-Fountain-Pen-Nib-JOWO-5-Broad/pd/31468
Opus 88 Fountain Pen Nib - JOWO #5 - Extra Fine,$15.00,https://www.jetpens.com/Opus-88-Fountain-Pen-Nib-JOWO-5-Extra-Fine/pd/31465
Opus 88 Fountain Pen Nib - JOWO #5 - Fine,$15.00,https://www.jetpens.com/Opus-88-Fountain-Pen-Nib-JOWO-5-Fine/pd/31466
Opus 88 Fountain Pen Nib - JOWO #5 - Medium,$15.00,https://www.jetpens.com/Opus-88-Fountain-Pen-Nib-JOWO-5-Medium/pd/31467
Opus 88 Fountain Pen Nib - Bock #250 - Fine,$21.00,https://www.jetpens.com/Opus-88-Fountain-Pen-Nib-Bock-250-Fine/pd/31477
Opus 88 Fountain Pen Nib - Bock #250 - 2.3 mm Stub,$21.00,https://www.jetpens.com/Opus-88-Fountain-Pen-Nib-Bock-250-2.3-mm-Stub/pd/31480
Opus 88 Fountain Pen Nib - Bock #250 - Extra Fine,$21.00,https://www.jetpens.com/Opus-88-Fountain-Pen-Nib-Bock-250-Extra-Fine/pd/31476
Opus 88 Fountain Pen Nib - Bock #250 - Broad,$21.00,https://www.jetpens.com/Opus-88-Fountain-Pen-Nib-Bock-250-Broad/pd/31479
Opus 88 Fountain Pen Nib - Bock #250 - Medium,$21.00,https://www.jetpens.com/Opus-88-Fountain-Pen-Nib-Bock-250-Medium/pd/31478
Opus 88 Demo Fountain Pen - Blue Whale - 1.5 mm Stub,$148.00,https://www.jetpens.com/Opus-88-Demo-Fountain-Pen-Blue-Whale-1.5-mm-Stub/pd/43559
Opus 88 Demo Fountain Pen - Blue Whale - Broad,$148.00,https://www.jetpens.com/Opus-88-Demo-Fountain-Pen-Blue-Whale-Broad/pd/43558
Opus 88 Demo Fountain Pen - Blue Whale - Extra Fine,$148.00,https://www.jetpens.com/Opus-88-Demo-Fountain-Pen-Blue-Whale-Extra-Fine/pd/43555
Opus 88 Demo Fountain Pen - Color - 1.5 mm Stub,$125.50,https://www.jetpens.com/Opus-88-Demo-Fountain-Pen-Color-1.5-mm-Stub/pd/31383
Opus 88 Demo Fountain Pen - Color - Broad,$125.50,https://www.jetpens.com/Opus-88-Demo-Fountain-Pen-Color-Broad/pd/31382
Opus 88 Demo Fountain Pen - Color - Fine,$125.50,https://www.jetpens.com/Opus-88-Demo-Fountain-Pen-Color-Fine/pd/31380
Opus 88 Demo Fountain Pen - Mocha Mousse with PVD Trim - Broad,$140.00,https://www.jetpens.com/Opus-88-Demo-Fountain-Pen-Mocha-Mousse-with-PVD-Trim-Broad/pd/47309
Opus 88 Demo Fountain Pen - Mocha Mousse with PVD Trim - Fine,$140.00,https://www.jetpens.com/Opus-88-Demo-Fountain-Pen-Mocha-Mousse-with-PVD-Trim-Fine/pd/47307
Opus 88 Demo Fountain Pen - Mocha Mousse with PVD Trim - Medium,$140.00,https://www.jetpens.com/Opus-88-Demo-Fountain-Pen-Mocha-Mousse-with-PVD-Trim-Medium/pd/47308
Opus 88 Demo Fountain Pen - Sapphire - 1.5 mm Stub,$140.00,https://www.jetpens.com/Opus-88-Demo-Fountain-Pen-Sapphire-1.5-mm-Stub/pd/40097
Opus 88 Demo Fountain Pen - Sapphire - Broad,$140.00,https://www.jetpens.com/Opus-88-Demo-Fountain-Pen-Sapphire-Broad/pd/40096
Opus 88 Demo Fountain Pen - Sapphire - Fine,$140.00,https://www.jetpens.com/Opus-88-Demo-Fountain-Pen-Sapphire-Fine/pd/40094
Opus 88 Demo Fountain Pen - Sapphire - Medium,$140.00,https://www.jetpens.com/Opus-88-Demo-Fountain-Pen-Sapphire-Medium/pd/40095
Opus 88 Flora Fountain Pen - 2.3 mm Stub,$120.00,https://www.jetpens.com/Opus-88-Flora-Fountain-Pen-2.3-mm-Stub/pd/31378
Opus 88 Flora Fountain Pen - Broad,$120.00,https://www.jetpens.com/Opus-88-Flora-Fountain-Pen-Broad/pd/31377
Opus 88 Flora Fountain Pen - Extra Fine,$120.00,https://www.jetpens.com/Opus-88-Flora-Fountain-Pen-Extra-Fine/pd/31374
Opus 88 Flora Fountain Pen - Fine,$120.00,https://www.jetpens.com/Opus-88-Flora-Fountain-Pen-Fine/pd/31375
Opus 88 Flora Fountain Pen - Medium,$120.00,https://www.jetpens.com/Opus-88-Flora-Fountain-Pen-Medium/pd/31376
Opus 88 Harmony Fountain Pen - Brown - Broad,$167.00,https://www.jetpens.com/Opus-88-Harmony-Fountain-Pen-Brown-Broad/pd/44566
Opus 88 Harmony Fountain Pen - Red / Grey - Broad,$167.00,https://www.jetpens.com/Opus-88-Harmony-Fountain-Pen-Red-Grey-Broad/pd/44569
Opus 88 Harmony Fountain Pen - Red / Grey - Fine,$167.00,https://www.jetpens.com/Opus-88-Harmony-Fountain-Pen-Red-Grey-Fine/pd/44567
Opus 88 Harmony Fountain Pen - Red / Grey - Medium,$167.00,https://www.jetpens.com/Opus-88-Harmony-Fountain-Pen-Red-Grey-Medium/pd/44568
Opus 88 Jazz Fountain Pen - Clear Demonstrator - Broad,$120.50,https://www.jetpens.com/Opus-88-Jazz-Fountain-Pen-Clear-Demonstrator-Broad/pd/31372
Opus 88 Koloro Fountain Pen - Blue Aqua - Broad,$95.00,https://www.jetpens.com/Opus-88-Koloro-Fountain-Pen-Blue-Aqua-Broad/pd/25699
Opus 88 Koloro Fountain Pen - Blue Aqua - Fine,$95.00,https://www.jetpens.com/Opus-88-Koloro-Fountain-Pen-Blue-Aqua-Fine/pd/25697
Opus 88 Koloro Fountain Pen - Rust Red - Broad,$95.00,https://www.jetpens.com/Opus-88-Koloro-Fountain-Pen-Rust-Red-Broad/pd/25705
Opus 88 Koloro Fountain Pen - Rust Red - Medium,$95.00,https://www.jetpens.com/Opus-88-Koloro-Fountain-Pen-Rust-Red-Medium/pd/25704
Opus 88 Koloro Fountain Pen - Yellow Orange - Medium,$95.00,https://www.jetpens.com/Opus-88-Koloro-Fountain-Pen-Yellow-Orange-Medium/pd/25701
Opus 88 Mother Of Pearl Fountain Pen - Black Shell - Broad,$196.50,https://www.jetpens.com/Opus-88-Mother-Of-Pearl-Fountain-Pen-Black-Shell-Broad/pd/38763
Opus 88 Mother Of Pearl Fountain Pen - Black Shell - Extra Fine,$196.50,https://www.jetpens.com/Opus-88-Mother-Of-Pearl-Fountain-Pen-Black-Shell-Extra-Fine/pd/38760
Opus 88 Mother Of Pearl Fountain Pen - Black Shell - Fine,$196.50,https://www.jetpens.com/Opus-88-Mother-Of-Pearl-Fountain-Pen-Black-Shell-Fine/pd/38761
Opus 88 Mother Of Pearl Fountain Pen - Black Shell - Medium,$196.50,https://www.jetpens.com/Opus-88-Mother-Of-Pearl-Fountain-Pen-Black-Shell-Medium/pd/38762
Opus 88 Mother Of Pearl Fountain Pen - Checkered Shell - 1.5 mm Stub,$196.50,https://www.jetpens.com/Opus-88-Mother-Of-Pearl-Fountain-Pen-Checkered-Shell-1.5-mm-Stub/pd/38759
Opus 88 Mother Of Pearl Fountain Pen - Checkered Shell - Broad,$196.50,https://www.jetpens.com/Opus-88-Mother-Of-Pearl-Fountain-Pen-Checkered-Shell-Broad/pd/38758
Opus 88 Mother Of Pearl Fountain Pen - Checkered Shell - Extra Fine,$196.50,https://www.jetpens.com/Opus-88-Mother-Of-Pearl-Fountain-Pen-Checkered-Shell-Extra-Fine/pd/38755
Opus 88 Mother Of Pearl Fountain Pen - Checkered Shell - Fine,$196.50,https://www.jetpens.com/Opus-88-Mother-Of-Pearl-Fountain-Pen-Checkered-Shell-Fine/pd/38756
Opus 88 Mother Of Pearl Fountain Pen - Stripe Shell - 1.5 mm Stub,$196.50,https://www.jetpens.com/Opus-88-Mother-Of-Pearl-Fountain-Pen-Stripe-Shell-1.5-mm-Stub/pd/38769
Opus 88 Mother Of Pearl Fountain Pen - Stripe Shell - Broad,$196.50,https://www.jetpens.com/Opus-88-Mother-Of-Pearl-Fountain-Pen-Stripe-Shell-Broad/pd/38768
Opus 88 Mother Of Pearl Fountain Pen - Stripe Shell - Extra Fine,$196.50,https://www.jetpens.com/Opus-88-Mother-Of-Pearl-Fountain-Pen-Stripe-Shell-Extra-Fine/pd/38765
Opus 88 Mother Of Pearl Fountain Pen - Stripe Shell - Medium,$196.50,https://www.jetpens.com/Opus-88-Mother-Of-Pearl-Fountain-Pen-Stripe-Shell-Medium/pd/38767
Opus 88 Omar Fountain Pen - Amethyst - 1.5 mm Stub,$123.50,https://www.jetpens.com/Opus-88-Omar-Fountain-Pen-Amethyst-1.5-mm-Stub/pd/26906
Opus 88 Omar Fountain Pen - Amethyst - Broad,$123.50,https://www.jetpens.com/Opus-88-Omar-Fountain-Pen-Amethyst-Broad/pd/26905
Opus 88 Omar Fountain Pen - Amethyst - Fine,$123.50,https://www.jetpens.com/Opus-88-Omar-Fountain-Pen-Amethyst-Fine/pd/26903
Opus 88 Omar Fountain Pen - Amethyst - Medium,$123.50,https://www.jetpens.com/Opus-88-Omar-Fountain-Pen-Amethyst-Medium/pd/26904
Opus 88 Omar Fountain Pen - Emerald - 1.5 mm Stub,$123.50,https://www.jetpens.com/Opus-88-Omar-Fountain-Pen-Emerald-1.5-mm-Stub/pd/26902
Opus 88 Omar Fountain Pen - Emerald - Broad,$123.50,https://www.jetpens.com/Opus-88-Omar-Fountain-Pen-Emerald-Broad/pd/26901
Opus 88 Omar Fountain Pen - Emerald - Fine,$123.50,https://www.jetpens.com/Opus-88-Omar-Fountain-Pen-Emerald-Fine/pd/26899
Opus 88 Omar Fountain Pen - Emerald - Medium,$123.50,https://www.jetpens.com/Opus-88-Omar-Fountain-Pen-Emerald-Medium/pd/26900
Opus 88 Omar Fountain Pen - Milk Tea - 1.5 mm Stub,$122.50,https://www.jetpens.com/Opus-88-Omar-Fountain-Pen-Milk-Tea-1.5-mm-Stub/pd/40599
Opus 88 Omar Fountain Pen - Milk Tea - Broad,$122.50,https://www.jetpens.com/Opus-88-Omar-Fountain-Pen-Milk-Tea-Broad/pd/40598
Opus 88 Omar Fountain Pen - Milk Tea - Extra Fine,$122.50,https://www.jetpens.com/Opus-88-Omar-Fountain-Pen-Milk-Tea-Extra-Fine/pd/40595
Opus 88 Omar Fountain Pen - Milk Tea - Fine,$122.50,https://www.jetpens.com/Opus-88-Omar-Fountain-Pen-Milk-Tea-Fine/pd/40596
Opus 88 Omar Fountain Pen - Pumpkin - 1.5 mm Stub,$122.50,https://www.jetpens.com/Opus-88-Omar-Fountain-Pen-Pumpkin-1.5-mm-Stub/pd/40594
Opus 88 Omar Fountain Pen - Pumpkin - Broad,$122.50,https://www.jetpens.com/Opus-88-Omar-Fountain-Pen-Pumpkin-Broad/pd/40593
Opus 88 Omar Fountain Pen - Smoky Quartz - 1.5 mm Stub,$123.50,https://www.jetpens.com/Opus-88-Omar-Fountain-Pen-Smoky-Quartz-1.5-mm-Stub/pd/26898
Opus 88 Omar Fountain Pen - Smoky Quartz - Broad,$123.50,https://www.jetpens.com/Opus-88-Omar-Fountain-Pen-Smoky-Quartz-Broad/pd/26897
Opus 88 Omar Fountain Pen - Smoky Quartz - Fine,$123.50,https://www.jetpens.com/Opus-88-Omar-Fountain-Pen-Smoky-Quartz-Fine/pd/26895
Opus 88 Omar Fountain Pen - Smoky Quartz - Medium,$123.50,https://www.jetpens.com/Opus-88-Omar-Fountain-Pen-Smoky-Quartz-Medium/pd/26896
